{
  "status": "pending",
  "space_id": 12,
  "userId": "16",
  "entryTime": "2024-07-15T18:30:00.000Z",
  "exitTime": "2024-07-16T18:30:00.000Z",
  "time": {
    "2024-07-16": [
      "1AM",
      "2AM",
      "3AM",
      "4AM",
      "5AM",
      "6AM",
      "7AM",
      "8AM",
      "9AM",
      "10AM",
      "11AM",
      "12PM",
      "1PM",
      "2PM",
      "3PM",
      "4PM",
      "5PM",
      "6PM",
      "7PM",
      "8PM",
      "9PM",
      "10PM",
      "11PM"
    ],
    "2024-07-17": [
      "12AM"
    ]
  }
}