{
  "status": "ORDER",
  "space_id": 37,
  "userId": "16",
  "entryTime": "2024-07-17 00:07:00",
  "exitTime": "2024-07-18 03:00:00",
  "time": {
    "2024-07-17": [
      "1AM",
      "2AM",
      "3AM",
      "4AM",
      "5AM",
      "6AM",
      "7AM",
      "8AM",
      "9AM",
      "10AM",
      "11AM",
      "12PM",
      "1PM",
      "2PM",
      "3PM",
      "4PM",
      "5PM",
      "6PM",
      "7PM",
      "8PM",
      "9PM",
      "10PM",
      "11PM"
    ],
    "2024-07-18": [
      "12AM",
      "1AM",
      "2AM",
      "3AM"
    ]
  },
  "amount": 1344
}