{
  "status": "ORDER",
  "space_id": 5,
  "userId": "2",
  "entryTime": "2024-07-18 02:00:00",
  "exitTime": "2024-07-19 00:00:00",
  "time": {
    "2024-07-18": [
      "3AM",
      "4AM",
      "5AM",
      "6AM",
      "7AM",
      "8AM",
      "9AM",
      "10AM",
      "11AM",
      "12PM",
      "1PM",
      "2PM",
      "3PM",
      "4PM",
      "5PM",
      "6PM",
      "7PM",
      "8PM",
      "9PM",
      "10PM",
      "11PM"
    ],
    "2024-07-19": [
      "12AM"
    ]
  },
  "amount": 1100
}